id,Рецепт,Ссылка
4310,"Румяная картошечка в соевом соусе, запечённая в духовке",https://www.russianfood.com/recipes/recipe.php?rid=145569
4315,"Картофель, запеченный с чесноком в сухарях",https://www.russianfood.com/recipes/recipe.php?rid=127534
4316,Лобио по-мегрельски,https://www.russianfood.com/recipes/recipe.php?rid=118952
4325,Картошечка Пасхальная по-гречески,https://www.russianfood.com/recipes/recipe.php?rid=117021
4330,Картофельное пюре с чесноком и мускатным орехом,https://www.russianfood.com/recipes/recipe.php?rid=120961
4333,Печеная картошка с сыром и перепелиным яйцом,https://www.russianfood.com/recipes/recipe.php?rid=115856
4336,Необычный картофель фри,https://www.russianfood.com/recipes/recipe.php?rid=130279
4339,"Картофель в ""гнездах""",https://www.russianfood.com/recipes/recipe.php?rid=133369
4346,Сырники с чиа и ягодным соусом,https://www.russianfood.com/recipes/recipe.php?rid=145406
4348,Молочная овсяная каша с ягодами,https://www.russianfood.com/recipes/recipe.php?rid=135866
4351,Запеканка из цветной капусты и курицы,https://www.russianfood.com/recipes/recipe.php?rid=178855
4352,Ретеш с творогом и абрикосами,https://www.russianfood.com/recipes/recipe.php?rid=178887
4353,Курица в сливочно-пивном соусе с грибами,https://www.russianfood.com/recipes/recipe.php?rid=178819
4354,Куриные отбивные в кляре с зелёным горошком,https://www.russianfood.com/recipes/recipe.php?rid=178902
4355,Прозиаки (прозяки),https://www.russianfood.com/recipes/recipe.php?rid=178746
4356,Запеканка из кабачков с помидорами и жареным луком,https://www.russianfood.com/recipes/recipe.php?rid=178818
4357,Шемшемоты (ассирийские пельмени с курицей и рисом),https://www.russianfood.com/recipes/recipe.php?rid=178450
4359,Земляничный чай для сердца,https://www.russianfood.com/recipes/recipe.php?rid=115066
4360,Пятиминутка из клубники или земляники,https://www.russianfood.com/recipes/recipe.php?rid=26644
4361,Желе из земляники,https://www.russianfood.com/recipes/recipe.php?rid=140354
4362,Запеченный картофель по-польски,https://www.russianfood.com/recipes/recipe.php?rid=130774
4363,"Картофель, запеченный с сыром и базиликом",https://www.russianfood.com/recipes/recipe.php?rid=119157
4364,"Запеченный картофель ""Гратен Дофинуа""",https://www.russianfood.com/recipes/recipe.php?rid=129388
4365,Воздушное картофельное суфле с сыром,https://www.russianfood.com/recipes/recipe.php?rid=134622
4366,Колканнон (картофельное пюре с капустой),https://www.russianfood.com/recipes/recipe.php?rid=121050
4368,Картофельное пюре по-нидерландски,https://www.russianfood.com/recipes/recipe.php?rid=129431
4370,Пхали,https://www.russianfood.com/recipes/recipe.php?rid=138963
4371,"Лук, запеченный в духовке",https://www.russianfood.com/recipes/recipe.php?rid=133704
4372,Запеченный молодой картофель,https://www.russianfood.com/recipes/recipe.php?rid=118938
4373,"Каша ""Монастырская""",https://www.russianfood.com/recipes/recipe.php?rid=135946
4374,Картофельные шарики во фритюре,https://www.russianfood.com/recipes/recipe.php?rid=2
4375,Печеный картофель со сметаной и луком,https://www.russianfood.com/recipes/recipe.php?rid=117370
4376,Картофель по-андалузски,https://www.russianfood.com/recipes/recipe.php?rid=127764
4377,"Брокколи, жаренная методом стир-фрай",https://www.russianfood.com/recipes/recipe.php?rid=130639
4378,Пряный печеный дольками картофель,https://www.russianfood.com/recipes/recipe.php?rid=121236
4379,"""Грибочки"" из картофеля",https://www.russianfood.com/recipes/recipe.php?rid=129540
4380,"Цветная капуста, запеченная в маринаде",https://www.russianfood.com/recipes/recipe.php?rid=139050
4381,"Картофель, приготовленный в медленноварке",https://www.russianfood.com/recipes/recipe.php?rid=119992
4382,Ризотто из перловой крупы,https://www.russianfood.com/recipes/recipe.php?rid=117909
4383,Гарнир «Герцогиня» из картофеля,https://www.russianfood.com/recipes/recipe.php?rid=137207
4384,Стручковая фасоль с чесночными стрелками,https://www.russianfood.com/recipes/recipe.php?rid=126922
4385,Каша по-монастырски,https://www.russianfood.com/recipes/recipe.php?rid=125917
4386,"Баклажаны ""Хуншао""",https://www.russianfood.com/recipes/recipe.php?rid=125991
4388,"Морковь, запеченная с сыром",https://www.russianfood.com/recipes/recipe.php?rid=120923
4389,Картофельное пюре,https://www.russianfood.com/recipes/recipe.php?rid=115646
4390,"Картофель, запеченный с луком пореем и сыром",https://www.russianfood.com/recipes/recipe.php?rid=119147
4391,Картофель по-гречески,https://www.russianfood.com/recipes/recipe.php?rid=134488
4392,Картофель от Джейми Оливера,https://www.russianfood.com/recipes/recipe.php?rid=123789
4394,Соус из зеленого горошка и жемчужного лука,https://www.russianfood.com/recipes/recipe.php?rid=120779
4395,Пушистое картофельное пюре,https://www.russianfood.com/recipes/recipe.php?rid=44853
4396,Тушеная капуста по-богемски,https://www.russianfood.com/recipes/recipe.php?rid=140663
4397,Вкусная тарелка к пиву,https://www.russianfood.com/recipes/recipe.php?rid=116683
4398,Гарнир из моркови,https://www.russianfood.com/recipes/recipe.php?rid=125260
4399,"Картофельное пюре с сыром, эндивием и беконом",https://www.russianfood.com/recipes/recipe.php?rid=129806
4400,Морковь с зеленым горошком,https://www.russianfood.com/recipes/recipe.php?rid=133244
4401,Плов из перловки с грибами,https://www.russianfood.com/recipes/recipe.php?rid=115886
4402,"Картофель, запечённый с чесноком",https://www.russianfood.com/recipes/recipe.php?rid=123011
4403,"Картофель, запеченный в духовке с салом",https://www.russianfood.com/recipes/recipe.php?rid=131344
4404,Тушеная кислая капуста с черносливом,https://www.russianfood.com/recipes/recipe.php?rid=131484
4405,"Зимняя тыква, печенная с апельсиновым сиропом",https://www.russianfood.com/recipes/recipe.php?rid=120926
4406,"Картофель, запеченный в фольге",https://www.russianfood.com/recipes/recipe.php?rid=17921
4407,Горячий овощной салат,https://www.russianfood.com/recipes/recipe.php?rid=126013
4408,Картофельное пюре с яблоками и карри,https://www.russianfood.com/recipes/recipe.php?rid=139310
4409,Запеченный картофель с луком,https://www.russianfood.com/recipes/recipe.php?rid=128334
4410,"Молодая картошка, запечённая с творогом и сыром",https://www.russianfood.com/recipes/recipe.php?rid=171056
4411,Пюре из картофеля по-деревенски,https://www.russianfood.com/recipes/recipe.php?rid=143263
4412,Картофель с сыром и специями,https://www.russianfood.com/recipes/recipe.php?rid=118494
4413,Запеканка картофельная с овощами под сырной корочкой,https://www.russianfood.com/recipes/recipe.php?rid=120276
4414,Паприкаш из курицы,https://www.russianfood.com/recipes/recipe.php?rid=122489
4416,"Картошка, запечённая в духовке с водорослями нори",https://www.russianfood.com/recipes/recipe.php?rid=173150
4417,"Запечённые кабачки с чесноком, зеленью и пармезаном",https://www.russianfood.com/recipes/recipe.php?rid=178821
4418,Масло сливочное ароматизированное,https://www.russianfood.com/recipes/recipe.php?rid=122517
4419,Свиное филе с нереально вкусным соусом,https://www.russianfood.com/recipes/recipe.php?rid=120848
4420,"Картофель, запеченный в молочном соусе",https://www.russianfood.com/recipes/recipe.php?rid=129157
4421,Перловая каша с грибами в горшочке,https://www.russianfood.com/recipes/recipe.php?rid=122579
4422,Дважды печенный картофель,https://www.russianfood.com/recipes/recipe.php?rid=123471
4423,Рис по-карибски,https://www.russianfood.com/recipes/recipe.php?rid=129232
4424,"Капуста, тушенная с тыквой",https://www.russianfood.com/recipes/recipe.php?rid=125161
4425,Рис по-мексикански,https://www.russianfood.com/recipes/recipe.php?rid=119383
4427,Тыква в кисло-сладком соусе (Агродольче),https://www.russianfood.com/recipes/recipe.php?rid=124775
4428,Зейтиньяглы из сельдерея с апельсином,https://www.russianfood.com/recipes/recipe.php?rid=178014
4429,Фасоль по-андалузски,https://www.russianfood.com/recipes/recipe.php?rid=126862
4430,"Помидоры, фаршированные рисом",https://www.russianfood.com/recipes/recipe.php?rid=120952
4431,Цветная капуста по-польски,https://www.russianfood.com/recipes/recipe.php?rid=127768
4432,Закуска из кабачков и шампиньонов,https://www.russianfood.com/recipes/recipe.php?rid=135478
4433,Лечо по-болгарски,https://www.russianfood.com/recipes/recipe.php?rid=133140
4434,Постный рис по-монастырски,https://www.russianfood.com/recipes/recipe.php?rid=130501
4435,Герцогский картофель,https://www.russianfood.com/recipes/recipe.php?rid=139057
4436,Запеченный картофель с чесноком,https://www.russianfood.com/recipes/recipe.php?rid=140934
4437,"Картофель, запеченый слоями",https://www.russianfood.com/recipes/recipe.php?rid=115811
4438,Картофель со сметаной и зеленым луком,https://www.russianfood.com/recipes/recipe.php?rid=115951
4439,"Цветная капуста, запеченная под сырной корочкой",https://www.russianfood.com/recipes/recipe.php?rid=127501
4440,Фасоль по-тоскански с чесноком и шалфеем,https://www.russianfood.com/recipes/recipe.php?rid=126659
4441,Теплый картофельный салат,https://www.russianfood.com/recipes/recipe.php?rid=140363
4442,Чатни из перца,https://www.russianfood.com/recipes/recipe.php?rid=121665
4443,Румяные картофельные дольки на гарнир,https://www.russianfood.com/recipes/recipe.php?rid=122750
4444,Печеный картофель в духовке,https://www.russianfood.com/recipes/recipe.php?rid=121102
4447,Молодая картошка с чесночно-ореховой заправкой,https://www.russianfood.com/recipes/recipe.php?rid=123182
4448,Рис с зеленым горошком,https://www.russianfood.com/recipes/recipe.php?rid=116310
4449,Рис с баклажанами,https://www.russianfood.com/recipes/recipe.php?rid=125059
4450,"Скумбрия с овощами, в духовке",https://www.russianfood.com/recipes/recipe.php?rid=143154
4451,Молодая картошка в манной панировке (в духовке),https://www.russianfood.com/recipes/recipe.php?rid=167352
4453,Кускус традиционный,https://www.russianfood.com/recipes/recipe.php?rid=101007
4454,Тушеная капуста по-индийски,https://www.russianfood.com/recipes/recipe.php?rid=144918
4455,"Салат из пекинской капусты, со спагетти и морскими гребешками",https://www.russianfood.com/recipes/recipe.php?rid=137356
4456,"Капуста, тушенная с грибами и пшеном",https://www.russianfood.com/recipes/recipe.php?rid=165677
4458,Рис тушеный с луком и специями,https://www.russianfood.com/recipes/recipe.php?rid=116649
4459,Праздничный картофельный рулет с грибами,https://www.russianfood.com/recipes/recipe.php?rid=137173
4460,Картофельный гратен в сливочном соусе,https://www.russianfood.com/recipes/recipe.php?rid=129225
4461,Тушеная капуста с яблоками,https://www.russianfood.com/recipes/recipe.php?rid=132316
4463,Молодой картофель с чесноком,https://www.russianfood.com/recipes/recipe.php?rid=135827
4464,Овсяные котлеты,https://www.russianfood.com/recipes/recipe.php?rid=143434
4465,Фасолица молдавская,https://www.russianfood.com/recipes/recipe.php?rid=122297
4469,Салат «Зимняя сказка»,https://www.russianfood.com/recipes/recipe.php?rid=129991
4471,"Молодой картофель в глазури, по-корейски (на сковороде)",https://www.russianfood.com/recipes/recipe.php?rid=167105
4472,"Острые баклажаны ""Кобра"" (в мультиварке)",https://www.russianfood.com/recipes/recipe.php?rid=132855
4473,Запеканка из тыквы с сыром и сметанно-яичной заливкой,https://www.russianfood.com/recipes/recipe.php?rid=168420
4474,Батата-харра (пряный картофель),https://www.russianfood.com/recipes/recipe.php?rid=146048
4476,"""Лапша"" из баклажанов с помидорами и сливочно-сырным соусом",https://www.russianfood.com/recipes/recipe.php?rid=163137
4477,Картофельные кожурки,https://www.russianfood.com/recipes/recipe.php?rid=117306
4478,"Фаршированный картофель, запеченный на гриле",https://www.russianfood.com/recipes/recipe.php?rid=128935
4479,Картофельный салат с оливками и красным луком,https://www.russianfood.com/recipes/recipe.php?rid=143188
4480,"Кабачки с сыром, орехами и розмарином",https://www.russianfood.com/recipes/recipe.php?rid=141499
4482,"Гарнир из тыквы ""Ароматный""",https://www.russianfood.com/recipes/recipe.php?rid=125846
4483,Мелкая паста с овощами,https://www.russianfood.com/recipes/recipe.php?rid=89877
4485,"Хрустящий картофель, запеченный в духовке",https://www.russianfood.com/recipes/recipe.php?rid=138038
4487,Морковь в апельсиновом соке,https://www.russianfood.com/recipes/recipe.php?rid=138469
4488,Горчичный картофель,https://www.russianfood.com/recipes/recipe.php?rid=126920
4489,Баклажаны остро-сладкие по-китайски,https://www.russianfood.com/recipes/recipe.php?rid=126302
4490,Адобо из баклажанов,https://www.russianfood.com/recipes/recipe.php?rid=141332
4492,Запеканка из молодой капусты с творогом,https://www.russianfood.com/recipes/recipe.php?rid=161921
4493,"Картофель, запеченный с сыром",https://www.russianfood.com/recipes/recipe.php?rid=143186
4494,"Картофель, фаршированный по-итальянски",https://www.russianfood.com/recipes/recipe.php?rid=134022
4495,Тушёная свёкла со сметаной и кетчупом,https://www.russianfood.com/recipes/recipe.php?rid=164034
4497,Морковь по-армянски,https://www.russianfood.com/recipes/recipe.php?rid=163950
4498,Цветная капуста в панировке с каперсами,https://www.russianfood.com/recipes/recipe.php?rid=121124
4499,Морковное пюре с сельдереем,https://www.russianfood.com/recipes/recipe.php?rid=164160
4500,Постный плов из пшенной крупы,https://www.russianfood.com/recipes/recipe.php?rid=138919
4501,"Свежая и кислая капуста, тушенная с грибами",https://www.russianfood.com/recipes/recipe.php?rid=134414
4503,Яйца Пармантье,https://www.russianfood.com/recipes/recipe.php?rid=126475
4504,Пюре из картофеля и кабачков,https://www.russianfood.com/recipes/recipe.php?rid=124726
4505,"Брокколи, печенная в духовке",https://www.russianfood.com/recipes/recipe.php?rid=128739
4506,Чечевица с курагой и орехами,https://www.russianfood.com/recipes/recipe.php?rid=170278
4507,Суфле из молодой капусты с сыром,https://www.russianfood.com/recipes/recipe.php?rid=167241
4508,Жареный картофель,https://www.russianfood.com/recipes/recipe.php?rid=116321
4509,Запеченная морковь,https://www.russianfood.com/recipes/recipe.php?rid=126164
4510,Рагу из шампиньонов,https://www.russianfood.com/recipes/recipe.php?rid=127532
4512,Соус из земляники,https://www.russianfood.com/recipes/recipe.php?rid=140811
4513,Варенье из земляники лесной,https://www.russianfood.com/recipes/recipe.php?rid=55243
4514,"Картошка ""Веер""",https://www.russianfood.com/recipes/recipe.php?rid=133340
4516,"Свёкла, тушенная с маринованными огурцами и чесноком",https://www.russianfood.com/recipes/recipe.php?rid=177332
4517,Картофельное пюре с беконом и сыром чеддер,https://www.russianfood.com/recipes/recipe.php?rid=126813
4518,"Картофель в духовке, запечённый с тремя видами сыра",https://www.russianfood.com/recipes/recipe.php?rid=169751
4519,Картофельное пюре с тремя видами сыра,https://www.russianfood.com/recipes/recipe.php?rid=166708
4522,Рагу с шампиньонами,https://www.russianfood.com/recipes/recipe.php?rid=127738
4523,"Молодая капуста, запечённая со сливками и вином",https://www.russianfood.com/recipes/recipe.php?rid=173421
4524,Овощное рагу с рисом (в медленноварке),https://www.russianfood.com/recipes/recipe.php?rid=123892
4525,Картофельное пюре с сыром,https://www.russianfood.com/recipes/recipe.php?rid=130978
4526,Стручковая фасоль с жареными орехами,https://www.russianfood.com/recipes/recipe.php?rid=115625
4527,Пшеничная каша с капустой,https://www.russianfood.com/recipes/recipe.php?rid=169753
4528,Странголапрети (ньокки со шпинатом),https://www.russianfood.com/recipes/recipe.php?rid=119778
4529,Запеченный лук,https://www.russianfood.com/recipes/recipe.php?rid=134042
4532,"Молодой картофель с луком, запеченный в духовке",https://www.russianfood.com/recipes/recipe.php?rid=118844
4533,"Молодая картошка, запечённая с сухарями",https://www.russianfood.com/recipes/recipe.php?rid=176171
4534,"Овощи ""Агродольче""",https://www.russianfood.com/recipes/recipe.php?rid=133796
4536,"Картофельное пюре с перловкой, беконом и луком",https://www.russianfood.com/recipes/recipe.php?rid=170441
4539,"Террин из баклажанов, сладкого перца и брынзы",https://www.russianfood.com/recipes/recipe.php?rid=152345
4540,Тушеная молодая капуста с грибами и картофелем,https://www.russianfood.com/recipes/recipe.php?rid=127056
4541,Картофельные котлеты с грецкими орехами и кабачками,https://www.russianfood.com/recipes/recipe.php?rid=165568
4544,Запечённый картофель,https://www.russianfood.com/recipes/recipe.php?rid=140191
4545,Капуста тушеная с гречкой,https://www.russianfood.com/recipes/recipe.php?rid=130413
4547,Горячий кукурузный салат,https://www.russianfood.com/recipes/recipe.php?rid=129119
4549,"Картофель в мундире, запечённый в горчичном соусе",https://www.russianfood.com/recipes/recipe.php?rid=166583
4550,"Картофель ""в чалме""",https://www.russianfood.com/recipes/recipe.php?rid=142783
4551,Сливочно-земляничный торт,https://www.russianfood.com/recipes/recipe.php?rid=134483
4552,Молочный коктейль с земляникой,https://www.russianfood.com/recipes/recipe.php?rid=136597
4553,Фруктово-ягодное ассорти с сыром,https://www.russianfood.com/recipes/recipe.php?rid=127310
4554,Фасоль с рисом,https://www.russianfood.com/recipes/recipe.php?rid=131015
4555,Картофельная запеканка по-монастырски,https://www.russianfood.com/recipes/recipe.php?rid=121795
4556,Тушеная капуста вирзинг (савойская) в сливочном соусе (Rahmwirsing),https://www.russianfood.com/recipes/recipe.php?rid=125040
4557,Картофельное пюре на гарнир,https://www.russianfood.com/recipes/recipe.php?rid=119986
4558,"""Тающий"" картофель",https://www.russianfood.com/recipes/recipe.php?rid=148468
4559,Румяные яблочки,https://www.russianfood.com/recipes/recipe.php?rid=109247
4561,Картофель по-деревенски с фетой и красным луком,https://www.russianfood.com/recipes/recipe.php?rid=164773
4563,"Чесночная картошка ""Объедение"" в духовке",https://www.russianfood.com/recipes/recipe.php?rid=145246
4564,Запеканка из цветной капусты (в мультиварке),https://www.russianfood.com/recipes/recipe.php?rid=135391
4565,Овощной гарнир,https://www.russianfood.com/recipes/recipe.php?rid=115665
4567,Запеканка из картофельного пюре,https://www.russianfood.com/recipes/recipe.php?rid=123632
4568,"Картошка, запечённая в яичных белках",https://www.russianfood.com/recipes/recipe.php?rid=157082
4570,Гречка с капустой и морковью,https://www.russianfood.com/recipes/recipe.php?rid=169256
4571,"Капуста, тушенная с тыквой и грибами",https://www.russianfood.com/recipes/recipe.php?rid=158660
4572,Пюре из цветной капусты,https://www.russianfood.com/recipes/recipe.php?rid=135741
4573,Картошка по-княжески,https://www.russianfood.com/recipes/recipe.php?rid=165458
4574,Рис лимонный с грибами и травами,https://www.russianfood.com/recipes/recipe.php?rid=122535
4575,"Перловая каша с помидорами, или Томатное перлотто",https://www.russianfood.com/recipes/recipe.php?rid=166847
4576,"Фасоль, тушенная с беконом в сливках",https://www.russianfood.com/recipes/recipe.php?rid=163681
4577,Запеканка из риса и мясного фарша с яблоками,https://www.russianfood.com/recipes/recipe.php?rid=65975
4578,Печеный картофель с травами,https://www.russianfood.com/recipes/recipe.php?rid=116045
4579,Картофельные тефтели с грибами,https://www.russianfood.com/recipes/recipe.php?rid=143058
4580,Картофель с овощами в рукаве,https://www.russianfood.com/recipes/recipe.php?rid=120058
4582,Фасоль тушеная с грибами,https://www.russianfood.com/recipes/recipe.php?rid=126304
4583,"Тыква, жаренная в панировочных сухарях",https://www.russianfood.com/recipes/recipe.php?rid=168285
4585,Ячневая каша с грибами и луком,https://www.russianfood.com/recipes/recipe.php?rid=169187
4587,Молочная ячневая каша с орехами и пряностями (в горшочках),https://www.russianfood.com/recipes/recipe.php?rid=169675
4588,Печеный картофель с острой подливкой,https://www.russianfood.com/recipes/recipe.php?rid=141007
4589,Лук карамелизированный,https://www.russianfood.com/recipes/recipe.php?rid=138375
4590,Овощное рагу или жаркое из лука (армеко),https://www.russianfood.com/recipes/recipe.php?rid=134767
4591,Салат-гарнир из перловой крупы,https://www.russianfood.com/recipes/recipe.php?rid=147424
4594,"Запеченная свиная рулька, с жареными яблоками",https://www.russianfood.com/recipes/recipe.php?rid=141752
4595,Булгур с болгарским перцем и сыром,https://www.russianfood.com/recipes/recipe.php?rid=139378
4596,"Картофель, запечённый с творогом и тимьяном",https://www.russianfood.com/recipes/recipe.php?rid=171660
4598,"Перловка с фасолью, жареными шампиньонами и брынзой",https://www.russianfood.com/recipes/recipe.php?rid=164475
4599,Молодой картофель в духовке,https://www.russianfood.com/recipes/recipe.php?rid=147416
4600,Тушеные овощи,https://www.russianfood.com/recipes/recipe.php?rid=124290
4603,Запеченная картошка с сыром и чесночным маслом,https://www.russianfood.com/recipes/recipe.php?rid=147545
4605,"Запеченный картофель, фаршированный сыром фета",https://www.russianfood.com/recipes/recipe.php?rid=140689
4606,Картофельные корзиночки с грибами,https://www.russianfood.com/recipes/recipe.php?rid=141013
4608,Цветная капуста под соусом бешамель,https://www.russianfood.com/recipes/recipe.php?rid=136409
4609,Картофельная запеканка,https://www.russianfood.com/recipes/recipe.php?rid=132807
4611,Капуста кислая тушеная с грибами,https://www.russianfood.com/recipes/recipe.php?rid=121143
4612,"Перловая каша с грибами, беконом, сыром и вином (на сковороде)",https://www.russianfood.com/recipes/recipe.php?rid=164469
4613,Несладкая манная каша с куриным филе,https://www.russianfood.com/recipes/recipe.php?rid=162157
4614,"Цветная капуста, запеченная в ароматном молочном соусе",https://www.russianfood.com/recipes/recipe.php?rid=141173
4617,Овощное рагу с рисом,https://www.russianfood.com/recipes/recipe.php?rid=127103
4620,"Молодая капуста в кляре, запечённая под сыром",https://www.russianfood.com/recipes/recipe.php?rid=170425
4621,Вегетарианское рагу,https://www.russianfood.com/recipes/recipe.php?rid=130573
4622,Рис с фасолью,https://www.russianfood.com/recipes/recipe.php?rid=116322
4623,Рулетики из баклажанов с орехами,https://www.russianfood.com/recipes/recipe.php?rid=126547
4626,Гречка с тыквой,https://www.russianfood.com/recipes/recipe.php?rid=177220
4627,Свекольный салат из тушеных овощей с фасолью,https://www.russianfood.com/recipes/recipe.php?rid=143174
4628,Гречневая каша с капустой и яйцами (в духовке),https://www.russianfood.com/recipes/recipe.php?rid=164572
4630,Фасолевое пюре с баклажанами,https://www.russianfood.com/recipes/recipe.php?rid=123475
4632,Гречневая каша с куриным фрикасе,https://www.russianfood.com/recipes/recipe.php?rid=119834
4633,"Деревенский ""свадебный"" картофель",https://www.russianfood.com/recipes/recipe.php?rid=147611
4634,Картофельно-морковное пюре с грушей,https://www.russianfood.com/recipes/recipe.php?rid=169325
4635,"Керафлет (картошка, запечённая с сыром, салом и луком)",https://www.russianfood.com/recipes/recipe.php?rid=151576
4636,"""Розы"" из картофеля и бекона",https://www.russianfood.com/recipes/recipe.php?rid=144503
4637,Брокколи с пивным соусом,https://www.russianfood.com/recipes/recipe.php?rid=126677
4638,Рис с чечевицей и финиками,https://www.russianfood.com/recipes/recipe.php?rid=161264
4639,Постная гречневая каша с чечевицей,https://www.russianfood.com/recipes/recipe.php?rid=170171
4640,Морковь глазированная,https://www.russianfood.com/recipes/recipe.php?rid=138406
4641,Картофельное пюре с баклажанами,https://www.russianfood.com/recipes/recipe.php?rid=136602
4643,"Тушёная капуста со шпинатом, помидорами и яйцами",https://www.russianfood.com/recipes/recipe.php?rid=176076
4646,"Овсяная каша с грибами, яйцом и моцареллой",https://www.russianfood.com/recipes/recipe.php?rid=170541
4647,"Хрустящий картофель, запечённый в пиве",https://www.russianfood.com/recipes/recipe.php?rid=169409
4648,"Молодой картофель, запечённый с сыром и сметаной",https://www.russianfood.com/recipes/recipe.php?rid=162365
4650,"Картофель, запечённый с репой и сливками",https://www.russianfood.com/recipes/recipe.php?rid=169305
4651,Картофельное пюре,https://www.russianfood.com/recipes/recipe.php?rid=119549
4652,"Постная запеканка из картофеля, фасоли и лука",https://www.russianfood.com/recipes/recipe.php?rid=169801
4653,Фасолевое рагу,https://www.russianfood.com/recipes/recipe.php?rid=117175
4654,Рыба на бобах,https://www.russianfood.com/recipes/recipe.php?rid=127624
4655,Кускус по-мароккански,https://www.russianfood.com/recipes/recipe.php?rid=129230
4657,Гратен из молодой капусты,https://www.russianfood.com/recipes/recipe.php?rid=170488
4658,Цветная капуста под сливочным соусом с анчоусами и каперсами,https://www.russianfood.com/recipes/recipe.php?rid=129777
4659,Картофельный салат с луком и майонезом,https://www.russianfood.com/recipes/recipe.php?rid=125650
4660,"Кабачки, запечённые в сливках, с сыром",https://www.russianfood.com/recipes/recipe.php?rid=176907
4663,Рис постный по-мексикански,https://www.russianfood.com/recipes/recipe.php?rid=119790
4664,"Картофель по-простому, особым способом приготовленный",https://www.russianfood.com/recipes/recipe.php?rid=120847
4666,Картофельные оладьи с кабачками,https://www.russianfood.com/recipes/recipe.php?rid=144416
4668,"Тыква, тушенная с грибами и фасолью",https://www.russianfood.com/recipes/recipe.php?rid=172478
4669,Жареные кабачки с макаронами,https://www.russianfood.com/recipes/recipe.php?rid=99443
4670,Стручковая фасоль с арахисом,https://www.russianfood.com/recipes/recipe.php?rid=123332
4672,Булгур с тыквой и фасолью,https://www.russianfood.com/recipes/recipe.php?rid=172110
4673,Запеченная цветная капуста с сырным соусом,https://www.russianfood.com/recipes/recipe.php?rid=136197
4675,"Картофельный салат ""Удивление""",https://www.russianfood.com/recipes/recipe.php?rid=145423
4677,Икра из свеклы,https://www.russianfood.com/recipes/recipe.php?rid=143986
4679,"Скумбрия, фаршированная стручковой фасолью (в духовке)",https://www.russianfood.com/recipes/recipe.php?rid=166930
4680,Цуккини в сметане,https://www.russianfood.com/recipes/recipe.php?rid=131437
4681,Капуста с грецкими орехами и сыром тофу,https://www.russianfood.com/recipes/recipe.php?rid=127478
4682,"Запеканка из кабачков с овсяными хлопьями, в микроволновке",https://www.russianfood.com/recipes/recipe.php?rid=170898
4684,Рагу из цветной капусты,https://www.russianfood.com/recipes/recipe.php?rid=120259
4686,Пшенная каша с квашеной капустой,https://www.russianfood.com/recipes/recipe.php?rid=164521
4687,Постная тушеная капуста с грибами,https://www.russianfood.com/recipes/recipe.php?rid=119848
4688,Стручковая фасоль в соусе бешамель,https://www.russianfood.com/recipes/recipe.php?rid=172275
4690,Пшеничная каша с грибами (на сковороде),https://www.russianfood.com/recipes/recipe.php?rid=169727
4692,Чечевица с грибами и сливками,https://www.russianfood.com/recipes/recipe.php?rid=169443
4694,"Картофель, тушенный в вине",https://www.russianfood.com/recipes/recipe.php?rid=175524
4697,Печеные фаршированные баклажаны,https://www.russianfood.com/recipes/recipe.php?rid=119008
4698,"Молодой картофель, запечённый с редисом, с чесночным кефирно-сырным соусом",https://www.russianfood.com/recipes/recipe.php?rid=162362
4701,"Картофельное пюре с белокочанной капустой, зелёным луком и беконом",https://www.russianfood.com/recipes/recipe.php?rid=161753
4702,Перловая каша с тыквой и грибами,https://www.russianfood.com/recipes/recipe.php?rid=122245
4703,Макароны с кабачками и шампиньонами,https://www.russianfood.com/recipes/recipe.php?rid=167150
4705,Писто,https://www.russianfood.com/recipes/recipe.php?rid=120078
4706,Чечевица с грибами в томатном соусе,https://www.russianfood.com/recipes/recipe.php?rid=173680
4707,"Мясные ""кармашки"" с луком и зеленью",https://www.russianfood.com/recipes/recipe.php?rid=142839
4708,Рис с кабачками и шпинатом,https://www.russianfood.com/recipes/recipe.php?rid=162224
4709,"Картофельная запеканка с рисом, помидорами и сливками",https://www.russianfood.com/recipes/recipe.php?rid=163843
4710,Перловая каша с кукурузой и овощами,https://www.russianfood.com/recipes/recipe.php?rid=169547
4713,Лобио рюмили,https://www.russianfood.com/recipes/recipe.php?rid=28275
4714,Плов с брокколи и сметаной,https://www.russianfood.com/recipes/recipe.php?rid=117073
4715,Гратен из тыквы,https://www.russianfood.com/recipes/recipe.php?rid=164282
4717,Варнишкес (макароны с гречкой и грибами),https://www.russianfood.com/recipes/recipe.php?rid=169535
4718,"Баклажаны, тушенные с брокколи в томатном соусе",https://www.russianfood.com/recipes/recipe.php?rid=171664
4719,"Рис с овощами, грибами и сметаной",https://www.russianfood.com/recipes/recipe.php?rid=168654
4720,Чесночный картофель,https://www.russianfood.com/recipes/recipe.php?rid=147427
4721,Карамелизированная морковь,https://www.russianfood.com/recipes/recipe.php?rid=126686
4722,Пшённая каша с кабачками,https://www.russianfood.com/recipes/recipe.php?rid=163181
4723,Кукурузная каша с консервированной кукурузой,https://www.russianfood.com/recipes/recipe.php?rid=164531
4724,"Капустная запеканка с гречкой, сладким перцем, сельдереем и консервированной кукурузой",https://www.russianfood.com/recipes/recipe.php?rid=161862
4725,Кус-кус по-марокански,https://www.russianfood.com/recipes/recipe.php?rid=1308
4727,"Цветная капуста, запеченная в тыквенном соусе",https://www.russianfood.com/recipes/recipe.php?rid=177244
4728,Тушеная тыква в сметане с чесноком,https://www.russianfood.com/recipes/recipe.php?rid=142623
4729,Салат из свёклы и шампиньонов,https://www.russianfood.com/recipes/recipe.php?rid=158791
4730,Рис со свёклой и кокосовой стружкой,https://www.russianfood.com/recipes/recipe.php?rid=161181
4732,Кус-кус с кедровыми орешками и клюквой,https://www.russianfood.com/recipes/recipe.php?rid=123583
4733,Пюре из свёклы и картофеля,https://www.russianfood.com/recipes/recipe.php?rid=163968
4734,"Макароны, тушенные с капустой и грибами, в соусе",https://www.russianfood.com/recipes/recipe.php?rid=167586
4735,Овсяная каша с кабачками и грибами,https://www.russianfood.com/recipes/recipe.php?rid=167623
4737,Пряная гороховая каша с кокосовым молоком,https://www.russianfood.com/recipes/recipe.php?rid=169877
4738,Гарнир из кускуса с печеными помидорами,https://www.russianfood.com/recipes/recipe.php?rid=130482
4739,Фасоль красная с ореховым соусом,https://www.russianfood.com/recipes/recipe.php?rid=122278
4740,"Салат ""Пикантный""",https://www.russianfood.com/recipes/recipe.php?rid=120442
4742,"Картофель, запеченный с луком на гриле",https://www.russianfood.com/recipes/recipe.php?rid=119753
4744,Овощная запеканка из цукини и лука (в мультиварке),https://www.russianfood.com/recipes/recipe.php?rid=135442
4745,Гарнир из обжаренных кабачков и цветной капусты,https://www.russianfood.com/recipes/recipe.php?rid=141542
4747,"Запеканка из кабачков, шпината и феты",https://www.russianfood.com/recipes/recipe.php?rid=176761
4749,Хрустящие картофельные палочки с сыром,https://www.russianfood.com/recipes/recipe.php?rid=146032
4751,Карамелизированный лук,https://www.russianfood.com/recipes/recipe.php?rid=127261
4753,"""Жареная"" манная каша",https://www.russianfood.com/recipes/recipe.php?rid=162669
4754,Рис с карри (постное блюдо),https://www.russianfood.com/recipes/recipe.php?rid=138715
4757,"Чечевица, запеченная с беконом и грибами",https://www.russianfood.com/recipes/recipe.php?rid=117011
4758,Запеканка-суфле из лапши,https://www.russianfood.com/recipes/recipe.php?rid=115091
4759,Биточки из кукурузной каши с сыром,https://www.russianfood.com/recipes/recipe.php?rid=168855
4761,"Пекинская капуста, запечённая с сыром, творогом, сладким перцем и помидором",https://www.russianfood.com/recipes/recipe.php?rid=167904
4762,"Картофель ""Буланжер""",https://www.russianfood.com/recipes/recipe.php?rid=149385
4763,"Морковь, запечённая с пряным медовым маринадом и чесноком",https://www.russianfood.com/recipes/recipe.php?rid=163955
4764,Грибы по-деревенски,https://www.russianfood.com/recipes/recipe.php?rid=119948
4765,Теплый салат со стручковой фасолью,https://www.russianfood.com/recipes/recipe.php?rid=123147
4766,"Свинина, запечённая с квашеной капустой",https://www.russianfood.com/recipes/recipe.php?rid=168973
4767,Картофельная запеканка с твёрдым сыром и фетой,https://www.russianfood.com/recipes/recipe.php?rid=174623
4768,Галушки с творогом и шкварками,https://www.russianfood.com/recipes/recipe.php?rid=119691
4770,Ленивые голубцы без мяса,https://www.russianfood.com/recipes/recipe.php?rid=138995
4771,"Морковь, печенная в духовке",https://www.russianfood.com/recipes/recipe.php?rid=121456
4772,"Крупеник ""Трио"" со сливочно-грибным соусом",https://www.russianfood.com/recipes/recipe.php?rid=167592
4773,Оладьи из цветной капусты,https://www.russianfood.com/recipes/recipe.php?rid=132932
4775,Гороховые оладьи,https://www.russianfood.com/recipes/recipe.php?rid=120489
4776,"Цветная капуста, запеченная с паприкой и чесноком",https://www.russianfood.com/recipes/recipe.php?rid=140898
4777,"Рис с кукурузой, консервированными ананасами, морковью и болгарским перцем",https://www.russianfood.com/recipes/recipe.php?rid=161366
4781,Рис с орехами и нутом,https://www.russianfood.com/recipes/recipe.php?rid=175398
4782,Мамалыга с творогом,https://www.russianfood.com/recipes/recipe.php?rid=164625
4784,Макароны с баклажанами и брокколи,https://www.russianfood.com/recipes/recipe.php?rid=174231
4786,Цветная капуста на гарнир,https://www.russianfood.com/recipes/recipe.php?rid=124864
4787,Пшённая каша с беконом (в духовке),https://www.russianfood.com/recipes/recipe.php?rid=167654
4788,"Цветная капуста, жаренная с яйцами, сладким перцем и сыром",https://www.russianfood.com/recipes/recipe.php?rid=164223
4789,Овощной стир-фрай с краснокочанной капустой и лапшой,https://www.russianfood.com/recipes/recipe.php?rid=174666
4790,"Рисовая каша с черносливом, изюмом и орехами (без молока)",https://www.russianfood.com/recipes/recipe.php?rid=169032
4791,Фасолево-овощное рагу,https://www.russianfood.com/recipes/recipe.php?rid=117074
4792,Карбонара из капусты,https://www.russianfood.com/recipes/recipe.php?rid=178587
4793,Рис с яйцами и овощами,https://www.russianfood.com/recipes/recipe.php?rid=134114
4795,"Баклажаны, запеченные с сыром",https://www.russianfood.com/recipes/recipe.php?rid=140353
4797,Гречневая каша с тыквой (в мультиварке),https://www.russianfood.com/recipes/recipe.php?rid=125364
4798,Лобио из красной фасоли,https://www.russianfood.com/recipes/recipe.php?rid=136859
4799,"Гарнир ""Цуккини и помидоры""",https://www.russianfood.com/recipes/recipe.php?rid=124693
4800,"Картофель с болгарским перцем, запечённый в сухарях",https://www.russianfood.com/recipes/recipe.php?rid=166561
4801,Теплый гарнир из помидоров,https://www.russianfood.com/recipes/recipe.php?rid=136910
4804,"Картофельные ""гнёзда"" с шампиньонами и сыром",https://www.russianfood.com/recipes/recipe.php?rid=164663
4805,Картофельный салат с фасолью,https://www.russianfood.com/recipes/recipe.php?rid=134062
4806,Картофельные крокеты с орехами,https://www.russianfood.com/recipes/recipe.php?rid=139918
4807,"Капуста, тушенная с рисом, в томатном соусе",https://www.russianfood.com/recipes/recipe.php?rid=151586
4809,Гарнир из брюссельской капусты с беконом,https://www.russianfood.com/recipes/recipe.php?rid=124998
4810,Картофельники по-московски,https://www.russianfood.com/recipes/recipe.php?rid=121045
4811,"Филе трески с фасолью, горошком и овощами (в духовке)",https://www.russianfood.com/recipes/recipe.php?rid=163847
4813,Картофельное пюре с сыром и луком,https://www.russianfood.com/recipes/recipe.php?rid=171181
4815,Постная гречка по-царски,https://www.russianfood.com/recipes/recipe.php?rid=134967
4818,Овощное карри с цветной капустой,https://www.russianfood.com/recipes/recipe.php?rid=119947
4820,Гречневая каша с капустой,https://www.russianfood.com/recipes/recipe.php?rid=162130
4821,"Стручковая фасоль с грибами, луком и беконом",https://www.russianfood.com/recipes/recipe.php?rid=118927
4823,"Перцы ""Агродольче""",https://www.russianfood.com/recipes/recipe.php?rid=125366
4825,Запеченная цветная капуста с чесночным соусом,https://www.russianfood.com/recipes/recipe.php?rid=135843
4826,Стручковая фасоль с грецкими орехами,https://www.russianfood.com/recipes/recipe.php?rid=138586
4827,Классическое ризотто с зеленым горошком,https://www.russianfood.com/recipes/recipe.php?rid=128326
4829,Пшённая каша с изюмом и клюквой (без молока),https://www.russianfood.com/recipes/recipe.php?rid=170048
4830,"Котлеты из риса, капусты и картофеля",https://www.russianfood.com/recipes/recipe.php?rid=161125
4831,"Цветная капуста и морковь, жаренные в сухарях",https://www.russianfood.com/recipes/recipe.php?rid=119974
4832,"Рагу из баклажанов,  кабачков и тыквы",https://www.russianfood.com/recipes/recipe.php?rid=120349
4833,Картофельный салат с огурцом и укропом,https://www.russianfood.com/recipes/recipe.php?rid=126568
4834,Свекла с морковью,https://www.russianfood.com/recipes/recipe.php?rid=126546
4835,Картофель фри,https://www.russianfood.com/recipes/recipe.php?rid=135877
4837,Овощное рагу в пакете для запекания,https://www.russianfood.com/recipes/recipe.php?rid=139154
4838,"Жареный картофель по-китайски, с перцем, чесноком и имбирём",https://www.russianfood.com/recipes/recipe.php?rid=164460
4840,"Гречка с грибами, морковью и пряностями (на сковороде)",https://www.russianfood.com/recipes/recipe.php?rid=166875
4842,"Кабачки, запеченные с цветной капустой",https://www.russianfood.com/recipes/recipe.php?rid=103724
4843,Цветная капуста с оливками и каперсами,https://www.russianfood.com/recipes/recipe.php?rid=143512
4845,Каша гречневая с тыквой и овощами,https://www.russianfood.com/recipes/recipe.php?rid=129227
4847,Быстрое соте из баклажанов,https://www.russianfood.com/recipes/recipe.php?rid=123673
4848,Гарнир с баклажанами и картофелем,https://www.russianfood.com/recipes/recipe.php?rid=75341
4850,Фасоль в томатном соусе с грибами и болгарским перцем (на сковороде),https://www.russianfood.com/recipes/recipe.php?rid=169787
4851,Рис с кабачками и цветной капустой,https://www.russianfood.com/recipes/recipe.php?rid=176875
4852,Скумбрия со свекольным пюре,https://www.russianfood.com/recipes/recipe.php?rid=127593
4853,Рис с миндалем и смородиной,https://www.russianfood.com/recipes/recipe.php?rid=138376
4855,"Макароны, запеченные в духовке (порционные)",https://www.russianfood.com/recipes/recipe.php?rid=138817
4856,Ячневая каша с тыквой,https://www.russianfood.com/recipes/recipe.php?rid=168346
4858,Картофельная запеканка с солеными грибами,https://www.russianfood.com/recipes/recipe.php?rid=132656
4859,"Кабачки, тушенные в соевом соусе",https://www.russianfood.com/recipes/recipe.php?rid=135734
4860,Рис с горошком по-багамски,https://www.russianfood.com/recipes/recipe.php?rid=146186
4861,"Картофель, фаршированный зелёным горошком и сыром (в духовке)",https://www.russianfood.com/recipes/recipe.php?rid=160123
4863,Отварной картофель с жареным луком,https://www.russianfood.com/recipes/recipe.php?rid=120357
4865,"Запеканка из гречки с овощами, яйцами и сыром",https://www.russianfood.com/recipes/recipe.php?rid=164937
4866,Паста с  шампиньонами,https://www.russianfood.com/recipes/recipe.php?rid=126038
4867,Картофель фри по-бельгийски,https://www.russianfood.com/recipes/recipe.php?rid=129957
4868,Запеканка из моркови с картофелем,https://www.russianfood.com/recipes/recipe.php?rid=20025
4869,Жареная цветная капуста,https://www.russianfood.com/recipes/recipe.php?rid=122029
4871,"Свёкла, тушенная с фасолью и сливками",https://www.russianfood.com/recipes/recipe.php?rid=168265
4872,Спанакоризо (рис со шпинатом),https://www.russianfood.com/recipes/recipe.php?rid=175527
4873,"Курица, запечённая в духовке, с хлебом",https://www.russianfood.com/recipes/recipe.php?rid=144755
4874,Запеканка из баклажанов с яйцами и брынзой (болгарский рецепт),https://www.russianfood.com/recipes/recipe.php?rid=109380
4876,Птитим с помидорами и фетой,https://www.russianfood.com/recipes/recipe.php?rid=175521
4877,"Зимние овощи, запеченные в духовке",https://www.russianfood.com/recipes/recipe.php?rid=120941
4878,"Стручковая фасоль с сыром, панировочными сухарями и чесноком",https://www.russianfood.com/recipes/recipe.php?rid=163709
4879,Рис с зёленым горошком и куркумой,https://www.russianfood.com/recipes/recipe.php?rid=151570
4880,Лазанья с грибами и спаржей,https://www.russianfood.com/recipes/recipe.php?rid=123602
4881,"Картофельный салат ""Бавария""",https://www.russianfood.com/recipes/recipe.php?rid=145087
4883,Деруны с грибами,https://www.russianfood.com/recipes/recipe.php?rid=119842
4884,Рисовая запеканка с грибами и сыром,https://www.russianfood.com/recipes/recipe.php?rid=165599
4885,Пряный рис басмати,https://www.russianfood.com/recipes/recipe.php?rid=141541
4886,Рассыпчатый рис по-французски,https://www.russianfood.com/recipes/recipe.php?rid=134617
4889,"Овсяная каша с кабачком, изюмом и орехами (в духовке)",https://www.russianfood.com/recipes/recipe.php?rid=170560
4890,Запечённая картошка с творожной начинкой,https://www.russianfood.com/recipes/recipe.php?rid=176373
4891,Гречка с кабачками и болгарским перцем (в духовке),https://www.russianfood.com/recipes/recipe.php?rid=163738
4893,Картофельное пюре с зелёным горошком,https://www.russianfood.com/recipes/recipe.php?rid=168755
4894,"Сладкая пшённая каша с куркумой, на кокосовом молоке",https://www.russianfood.com/recipes/recipe.php?rid=171068
4895,"""Лапша"" из кабачков с томатным соусом",https://www.russianfood.com/recipes/recipe.php?rid=162904
4897,"Запечённая гречка с кабачком, луком и сыром",https://www.russianfood.com/recipes/recipe.php?rid=143762
4898,"Овощи на мангале, под ореховым соусом с базиликом",https://www.russianfood.com/recipes/recipe.php?rid=178731
4899,"Картошка, запечённая с тыквой, луком и сыром",https://www.russianfood.com/recipes/recipe.php?rid=158738
4900,Стручковая фасоль с кукурузой и шпинатом,https://www.russianfood.com/recipes/recipe.php?rid=102954
4901,Сербские котлетки с картофельным пюре,https://www.russianfood.com/recipes/recipe.php?rid=125722
4902,Гарнир из тыквы,https://www.russianfood.com/recipes/recipe.php?rid=75090
4904,"Цветная капуста в чесночном соусе, запечённая под сыром",https://www.russianfood.com/recipes/recipe.php?rid=151125
4906,Свиная лопатка в пиве,https://www.russianfood.com/recipes/recipe.php?rid=131328
4908,Фаршированный картофель,https://www.russianfood.com/recipes/recipe.php?rid=135401
4931,Вегетарианский плов с овощами,https://www.russianfood.com/recipes/recipe.php?rid=125299
